chrom	start	end	rsid	variant	reference	pval	pScore
chr1	1042813	1042813	rs2710873	A	G	0.03412	1.46699097750451
chr1	1063015	1063015	rs7526076	A	G	0.02543	1.59465363982429
chr1	1064776	1064776	rs11584349	C	T	0.01687	1.77288491741087
chr1	1065797	1065797	rs4970401	G	C	0.01812	1.74184180665921
chr1	1067007	1067007	rs74048003	G	A	0.03236	1.48999148705977
chr1	1067552	1067552	rs4246502	C	G	0.02352	1.6285626825959
chr1	1068249	1068249	rs4075116	C	T	0.02366	1.62598525970809
chr1	1068801	1068801	rs55746161	C	A	0.007672	2.11509140583739
chr1	1068822	1068822	rs61766321	G	A	0.01695	1.7708302974609
chr1	1068824	1068824	rs61766322	G	A	0.01814	1.74136271727592
chr1	1069047	1069047	rs11588092	G	A	0.04266	1.36997914888659
chr1	1130420	1130420	rs11580120	T	C	0.004039	2.39372614683001
chr1	1130717	1130717	rs61766345	A	G	0.004055	2.39200914145283
chr1	1131448	1131448	rs7553878	G	C	0.02671	1.57332611197863
chr1	1132196	1132196	rs11589263	A	G	0.002474	2.6066003047069
chr1	1132482	1132482	rs9442374	T	G	0.005507	2.25908492351872
chr1	1133503	1133503	rs61766346	A	G	0.002735	2.56304266933055
chr1	1133966	1133966	rs113854344	T	C	0.003588	2.44514756562795
chr1	1134222	1134222	rs74048017	C	T	0.001626	2.78887945874195
chr1	1135738	1135738	rs10907183	G	C	0.01789	1.74738965943263
